[
    {
        "action": {
            "type": "block"
        },
        "trigger": {
            "url-filter": "webkit.svg"
        }
    }

    {
        "action": {
            "type": "block"
        },
        "trigger": {
            "url-filter": "www.google.com"
        }
    },
    
    {
        "action": {
            "type": "block"
        },
        "trigger": {
            "url-filter": "www.apple.com"
        }
    },
   
    {
        "action": {
            "type": "css-display-none",
            "selector": "#home-icon"
        },
        "trigger": {
            "url-filter": ".*"
        }
    }
]
